{
"skeleton": { "hash": "1vioGYXXq+Fw1fbk8jjVKncnI9A", "spine": "3.3.07", "width": 340.13, "height": 614.6 },
"bones": [
	{ "name": "root" },
	{ "name": "bone", "parent": "root", "length": 46.87, "rotation": 90.61, "x": -7.13, "y": 79.94 },
	{ "name": "bone2", "parent": "bone", "length": 80.66, "rotation": -2.04, "x": 48.87, "y": -1.02 },
	{ "name": "bone3", "parent": "bone2", "length": 135.23, "rotation": -1.34, "x": 80.66 },
	{ "name": "bone4", "parent": "bone2", "length": 61, "rotation": -50.27, "x": 71.94, "y": -54.66 },
	{ "name": "bone5", "parent": "bone4", "length": 74.89, "rotation": 22.73, "x": 61 },
	{ "name": "bone6", "parent": "bone", "length": 47.97, "rotation": -177, "x": 0.47, "y": -49.39 },
	{ "name": "bone7", "parent": "bone6", "length": 19.21, "rotation": 0.9, "x": 47.97 },
	{ "name": "bone8", "parent": "bone3", "length": 54.32, "rotation": -23.07, "x": 163.32, "y": 34.66 },
	{ "name": "bone9", "parent": "bone8", "length": 52.3, "rotation": -32.14, "x": 54.32 },
	{ "name": "bone10", "parent": "bone3", "length": 48.09, "rotation": -35.41, "x": 156.66, "y": -25.7 },
	{ "name": "bone11", "parent": "bone10", "length": 60.89, "rotation": -23.12, "x": 48.09 },
	{ "name": "bone12", "parent": "bone3", "length": 44.77, "rotation": -56.03, "x": 135.33, "y": -64.58 },
	{ "name": "bone13", "parent": "bone12", "length": 31.57, "rotation": -14.48, "x": 44.77 },
	{ "name": "bone14", "parent": "bone", "x": -82.04, "y": 22.8 },
	{ "name": "bone15", "parent": "bone", "length": 47.97, "rotation": -177, "x": 0.47, "y": 34.88, "scaleY": -1 },
	{ "name": "bone16", "parent": "bone15", "length": 19.21, "rotation": 0.9, "x": 47.97 },
	{ "name": "bone17", "parent": "bone2", "length": 61, "rotation": 54.29, "x": 71.94, "y": 40.15, "scaleY": -1 },
	{ "name": "bone18", "parent": "bone17", "length": 74.89, "rotation": 22.73, "x": 61 },
	{ "name": "bone19", "parent": "bone5", "x": 21.97, "y": 145.23 },
	{ "name": "bone20", "parent": "bone19", "x": 141.45, "y": 137.32 }
],
"slots": [
	{ "name": "asset_17", "bone": "bone19", "attachment": "asset_16" },
	{ "name": "asset_5", "bone": "bone20", "attachment": "asset_07" },
	{ "name": "asset_93", "bone": "bone14", "attachment": "Layer-50" },
	{ "name": "asset_94", "bone": "bone6", "attachment": "asset_93" },
	{ "name": "asset_95", "bone": "bone15", "attachment": "asset_93" },
	{ "name": "asset_82", "bone": "bone4", "attachment": "asset_81" },
	{ "name": "asset_83", "bone": "bone17", "attachment": "asset_81" },
	{ "name": "asset_91", "bone": "bone", "attachment": "asset_90" },
	{ "name": "asset_79", "bone": "bone3", "attachment": "asset_78" }
],
"skins": {
	"default": {
		"asset_17": {
			"asset_16": { "x": 37.65, "y": -0.89, "scaleX": 1.116, "scaleY": 1.116, "rotation": -61.02, "width": 227, "height": 310 }
		},
		"asset_5": {
			"asset_05": { "x": 10.61, "y": 1.2, "scaleX": 1.529, "scaleY": 1.529, "rotation": -61.02, "width": 79, "height": 63 },
			"asset_07": { "x": 8.73, "y": -2.04, "scaleX": 1.402, "scaleY": 1.402, "rotation": -61.02, "width": 75, "height": 70 }
		},
		"asset_79": {
			"asset_78": {
				"type": "mesh",
				"uvs": [ 0.06774, 0.83483, 0.00225, 0.6613, 0.02259, 0.43094, 0.07791, 0.25352, 0.20698, 0.14048, 0.32419, 0.0718, 0.43249, 0.02315, 0.52447, 0.00741, 0.61497, 0, 0.59569, 0.05749, 0.67877, 0.04605, 0.77669, 0.04319, 0.87609, 0.04891, 0.94582, 0.06894, 0.89834, 0.1276, 0.86867, 0.19199, 0.82268, 0.25352, 0.89538, 0.26353, 0.96214, 0.28929, 1, 0.3179, 0.94433, 0.39517, 0.91169, 0.44096, 0.85828, 0.52537, 0.82416, 0.70566, 0.5853, 1, 0.18324, 0.99612, 0.23072, 0.7028, 0.2871, 0.43523, 0.80784, 0.1133, 0.69806, 0.1462, 0.5675, 0.19915, 0.48442, 0.26353, 0.76185, 0.35368, 0.85383, 0.32506, 0.95027, 0.3179, 0.62239, 0.71379, 0.58827, 0.44508, 0.53338, 0.04891, 0.42211, 0.11473, 0.29303, 0.26926, 0.71289, 0.28213 ],
				"triangles": [ 9, 37, 7, 8, 9, 7, 38, 5, 6, 30, 37, 9, 30, 9, 29, 6, 37, 38, 37, 6, 7, 30, 38, 37, 30, 31, 38, 39, 38, 31, 39, 4, 5, 39, 5, 38, 3, 4, 39, 27, 39, 31, 40, 31, 30, 36, 31, 40, 28, 11, 12, 14, 12, 13, 28, 12, 14, 29, 10, 11, 29, 11, 28, 15, 28, 14, 9, 10, 29, 16, 28, 15, 29, 28, 16, 40, 29, 16, 30, 29, 40, 32, 40, 16, 34, 17, 18, 34, 18, 19, 33, 16, 17, 33, 17, 34, 32, 16, 33, 20, 33, 34, 20, 34, 19, 21, 33, 20, 21, 32, 33, 22, 32, 21, 36, 40, 32, 27, 3, 39, 2, 3, 27, 26, 2, 27, 1, 2, 26, 0, 1, 26, 25, 0, 26, 25, 26, 24, 36, 27, 31, 22, 35, 36, 23, 35, 22, 24, 35, 23, 35, 27, 36, 24, 26, 35, 35, 26, 27, 22, 36, 32 ],
				"vertices": [ 1, 3, 32.86, 79.37999, 1, 1, 3, 75.93, 97.47, 1, 1, 3, 132.79, 98.41, 1, 1, 3, 179.88, 84.02, 1, 2, 8, 35.34999, 36.03, 0.9708, 9, -35.23, 20.41, 0.02919, 2, 8, 63.46, 17.87, 0.50721, 9, -1.77, 19.99, 0.49278, 1, 9, 27.16, 16.42, 1, 1, 9, 48.3, 7.91, 1, 1, 9, 68.94, -0.72, 1, 3, 11, 8.92, 41.05, 0.20453, 10, 72.42, 34.25, 0.04181, 9, 56.32, -12.04, 0.75365, 3, 11, 28.1, 33.86, 0.76458, 10, 87.23, 20.11, 0.01773, 9, 75.05, -20.33, 0.21767, 2, 11, 49.4, 23.03, 0.97222, 9, 95.69, -32.38, 0.02777, 1, 11, 69.98, 10.12, 1, 1, 11, 82.48, -2.49, 1, 3, 12, 89.37, 43.56, 5.0E-5, 13, 32.28, 53.33, 0.00251, 11, 65.19, -9.95, 0.99742, 3, 12, 74.74, 33.37, 0.02389, 13, 20.67, 39.81, 0.06897, 11, 51.02, -20.76, 0.90712, 4, 12, 57.08, 25.87, 0.14889, 13, 5.45, 28.12, 0.32475, 11, 33.7, -29.03, 0.50032, 10, 67.69, -39.93, 0.02601, 3, 12, 70.94999, 14.51, 0.0553, 13, 21.71, 20.6, 0.84406, 11, 48.05, -39.77, 0.10062, 2, 13, 35.43999, 9.68, 0.99542, 11, 59.21, -53.3, 0.00457, 1, 13, 45.5, -0.89, 1, 2, 12, 63.92, -20.15, 0.06056, 13, 23.58, -14.72, 0.93943, 3, 12, 51.11, -25.94, 0.42931, 13, 12.63, -23.53, 0.57066, 11, 29.99, -81.06, 1.0E-5, 1, 3, 120.4, -109.49, 1, 1, 3, 74.44, -103.38, 1, 1, 3, -6.47, -48.95, 1, 1, 3, -6.53, 49.25, 1, 1, 3, 68.15, 41.28, 1, 2, 3, 136.43, 30.82, 0.88, 8, -23.22, -14.07, 0.12, 2, 11, 47.56, 3.82, 0.99516, 9, 92.73, -51.45, 0.00483, 3, 11, 20.06, 9.37, 0.8062, 10, 70.23, 0.74, 0.0762, 9, 65.61, -44.31, 0.11759, 4, 11, -14.31, 12.92, 0.11916, 10, 40, 17.5, 0.5452, 8, 60.35, -49.6, 0.04116, 9, 31.49, -38.78, 0.29447, 5, 3, 182.15, -15.16, 0.00595, 11, -39.91, 8.35999, 0.00916, 10, 14.67, 23.36, 0.79998, 8, 36.84999, -38.46, 0.08381, 9, 5.67, -41.84999, 0.10108, 4, 12, 31.27, 11.87, 0.63441, 13, -16.04, 8.12, 0.19766, 11, 8.52, -44.14, 0.11197, 10, 38.59999, -43.94, 0.05595, 4, 12, 54.22, 6.44, 0.19572, 13, 7.53, 8.6, 0.66729, 11, 31.68, -48.56, 0.12905, 10, 58.16, -57.1, 0.00792, 1, 13, 30.59, 3.58, 1, 1, 3, 69.89, -54.31, 1, 2, 3, 137.46, -42.7, 0.76, 10, -5.79, -24.97, 0.24, 1, 9, 44.58, -2.14, 1, 1, 9, 12.73, -1.87, 1, 1, 8, 15.19, 2.93, 1, 4, 12, 30.42, 33.54, 0.1364, 13, -22.28, 28.89, 0.06011, 11, 6.73, -22.52, 0.58237, 10, 45.43, -23.36, 0.2211 ],
				"hull": 26
			}
		},
		"asset_82": {
			"asset_81": {
				"type": "mesh",
				"uvs": [ 0, 0.89114, 0.07222, 0.98138, 0.21251, 1, 0.32402, 0.98138, 0.6046, 0.81039, 0.95532, 0.57923, 1, 0.337, 1, 0.17075, 0.81144, 0, 0.53805, 0, 0.38697, 0.12009, 0.3474, 0.36549, 0.14776, 0.54282, 0, 0.72806, 0.15164, 0.74379, 0.40704, 0.57607, 0.64863, 0.28413, 0.73194, 0.1037 ],
				"triangles": [ 3, 2, 14, 2, 1, 14, 3, 15, 4, 3, 14, 15, 1, 0, 14, 0, 13, 14, 13, 12, 14, 14, 12, 15, 12, 11, 15, 5, 4, 16, 4, 15, 16, 5, 16, 6, 15, 11, 16, 11, 10, 16, 16, 17, 6, 17, 7, 6, 10, 9, 16, 16, 9, 17, 17, 8, 7, 17, 9, 8 ],
				"vertices": [ 1, 4, -11.46, 7.51, 1, 1, 4, -10.39999, -9.64, 1, 1, 4, 1.68, -22.62, 1, 1, 4, 14.29, -29.14, 1, 2, 5, -16.1, -27.75, 0.32895, 4, 56.86, -31.82, 0.67104, 2, 5, 33.84, -50.2, 0.99833, 4, 111.61, -33.22, 0.00166, 1, 5, 70.58, -45.53, 1, 1, 5, 87.42, -27.21, 1, 1, 5, 100.65, 7.35, 1, 1, 5, 85.27, 37.9, 1, 1, 5, 56.46, 43.53, 1, 2, 5, 23.58, 30.97, 0.86534, 4, 70.78, 37.68, 0.13465, 2, 5, -10.53, 40.59999, 0.08639, 4, 35.59, 33.38, 0.9136, 1, 4, 3.58, 25.13, 1, 1, 4, 18.28, 10.67, 1, 2, 5, 1.03, 9.97, 0.49765, 4, 58.1, 9.59, 0.50234, 1, 5, 54.43, 1.25, 1, 1, 5, 82.65, 7.37, 1 ],
				"hull": 14
			}
		},
		"asset_83": {
			"asset_81": {
				"type": "mesh",
				"uvs": [ 0, 0.89114, 0.07222, 0.98138, 0.21251, 1, 0.32402, 0.98138, 0.6046, 0.81039, 0.95532, 0.57923, 1, 0.337, 1, 0.17075, 0.81144, 0, 0.53805, 0, 0.38697, 0.12009, 0.3474, 0.36549, 0.14776, 0.54282, 0, 0.72806, 0.15164, 0.74379, 0.40704, 0.57607, 0.64863, 0.28413, 0.73194, 0.1037 ],
				"triangles": [ 5, 4, 16, 4, 15, 16, 5, 16, 6, 12, 11, 15, 15, 11, 16, 11, 10, 16, 16, 17, 6, 17, 7, 6, 10, 9, 16, 16, 9, 17, 17, 8, 7, 17, 9, 8, 3, 2, 14, 2, 1, 14, 3, 15, 4, 3, 14, 15, 1, 0, 14, 0, 13, 14, 13, 12, 14, 14, 12, 15 ],
				"vertices": [ 1, 17, -11.46, 7.51, 1, 1, 17, -10.39999, -9.64, 1, 1, 17, 1.68, -22.62, 1, 1, 17, 14.29, -29.14, 1, 2, 17, 56.86, -31.82, 0.68566, 18, -16.1, -27.75, 0.31433, 2, 17, 111.61, -33.22, 0.00464, 18, 33.84, -50.2, 0.99535, 1, 18, 70.58, -45.53, 1, 2, 17, 152.14, 8.67, 0, 18, 87.42, -27.21, 1, 2, 17, 150.99, 45.68, 0, 18, 100.65, 7.35, 1, 2, 17, 125.01, 67.91, 0, 18, 85.27, 37.9, 0.99999, 1, 18, 56.46, 43.53, 1, 2, 17, 70.78, 37.68, 0.12454, 18, 23.58, 30.97, 0.87545, 2, 17, 35.59, 33.38, 0.8802, 18, -10.53, 40.59999, 0.11979, 1, 17, 3.58, 25.13, 1, 1, 17, 18.28, 10.67, 1, 2, 17, 58.1, 9.59, 0.41186, 18, 1.03, 9.97, 0.58813, 1, 18, 54.43, 1.25, 1, 2, 17, 134.39, 38.73, 0, 18, 82.65, 7.37, 1 ],
				"hull": 14
			}
		},
		"asset_91": {
			"asset_90": {
				"type": "mesh",
				"uvs": [ 0.35297, 0, 0.61708, 0.00183, 0.77817, 0.07497, 0.87183, 0.19686, 0.93365, 0.35126, 1, 0.56579, 1, 0.74456, 0.89806, 0.94284, 0.73509, 1, 0.41853, 1, 0.17127, 1, 0, 0.85346, 0, 0.62267, 0.0364, 0.39351, 0.15254, 0.13672, 0.2462, 0.03921, 0.34182, 0.75352, 0.69008, 0.73693, 0.32558, 0.52041, 0.68282, 0.50487, 0.36371, 0.27866, 0.65242, 0.2644 ],
				"triangles": [ 17, 19, 5, 17, 5, 6, 12, 18, 16, 11, 12, 16, 7, 17, 6, 10, 11, 16, 17, 9, 16, 10, 16, 9, 8, 17, 7, 9, 17, 8, 17, 16, 19, 19, 16, 18, 21, 1, 2, 21, 2, 3, 20, 0, 1, 20, 1, 21, 15, 0, 20, 14, 15, 20, 13, 14, 20, 4, 19, 21, 4, 21, 3, 18, 13, 20, 19, 4, 5, 12, 13, 18, 20, 21, 19, 19, 18, 20 ],
				"vertices": [ 1, 2, 130.84, 23.09, 1, 1, 2, 122.72, -23.86, 1, 1, 2, 108.52, -52.74, 1, 1, 2, 84.08, -69.93, 1, 1, 2, 52.86, -81.66, 1, 1, 1, 54.89, -96.65, 1, 1, 1, 18.39, -99.57, 1, 1, 1, -21.81, -76.93, 1, 1, 1, -35.41999, -47.93, 1, 1, 1, -39.46, 8.13, 1, 1, 1, -42.31, 51.93, 1, 1, 1, -1.85, 83, 1, 1, 1, 45.24, 84.81, 1, 1, 2, 40.28, 76.87999, 1, 1, 2, 93.16, 57.64, 1, 1, 2, 113.46, 41.56, 1, 2, 2, -37.31, 21.54, 0.23, 1, 12.36, 21.83, 0.77, 2, 2, -29.41, -42.26, 0.23, 1, 17.96999, -42.21, 0.77, 2, 2, 13.99, 25.48, 0.58, 1, 63.77, 23.93, 0.42, 2, 2, 19.24, -38.39, 0.58, 1, 66.73, -40.08, 0.42, 1, 2, 67.53, 19.85, 1, 1, 2, 69.48, -31.49, 1 ],
				"hull": 16
			}
		},
		"asset_93": {
			"Layer-50": {
				"type": "mesh",
				"uvs": [ 0, 0.60845, 0.09777, 0.87217, 0.27811, 1, 0.54861, 1, 0.84165, 0.96007, 0.94148, 0.89068, 1, 0.5992, 0.97368, 0.29847, 0.95758, 0, 0.49064, 0, 0.17184, 0, 0.03015, 0.06252, 0.73325, 0.70556, 0.21664, 0.69389, 0.28822, 0.48353, 0.73433, 0.44254 ],
				"triangles": [ 15, 9, 8, 15, 8, 7, 14, 10, 9, 14, 9, 15, 11, 10, 14, 15, 7, 6, 0, 11, 14, 13, 0, 14, 12, 14, 15, 12, 15, 6, 13, 14, 12, 1, 0, 13, 5, 12, 6, 4, 12, 5, 3, 2, 13, 12, 3, 13, 1, 13, 2, 4, 3, 12 ],
				"vertices": [ 30.85, 81.87, -11.1, 54.54, -34.2, 13.85, -39.98, -47.48, -26.8, -114.15, -16.08, -136.93, 29.72, -159.35, 77.39, -145.24, 127.87, -142.13, 141.43, -36.28, 139.29, 36.11, 116.97, 68.51999, 12.15, -93.63, 16.4, 29.13, 54.23, 11.9, 56.04, -91.18 ],
				"hull": 12
			}
		},
		"asset_94": {
			"asset_93": {
				"type": "mesh",
				"uvs": [ 0.04342, 0.17508, 0.31384, 0.01158, 0.74247, 0.01008, 0.83629, 0.18708, 0.86205, 0.38058, 0.87492, 0.77658, 0.6045, 0.98808, 0.18507, 0.98657, 0, 0.83958, 0.01582, 0.54108, 0.6137, 0.43608, 0.07653, 0.47058 ],
				"triangles": [ 9, 11, 7, 7, 11, 10, 10, 4, 5, 9, 0, 11, 11, 1, 10, 11, 0, 1, 10, 3, 4, 10, 2, 3, 10, 1, 2, 5, 6, 10, 8, 9, 7, 6, 7, 10 ],
				"vertices": [ 1, 6, -13.49, -36.98, 1, 2, 7, -80.97, -5.76, 6.0E-5, 6, -32.9, -7.03, 0.99993, 1, 6, -30.23, 38.31, 1, 2, 7, -53.87, 47.64, 0.00451, 6, -6.63, 46.79, 0.99548, 2, 7, -28.58, 48.38, 0.10325, 6, 18.62999, 47.93, 0.89674, 2, 7, 22.84, 45.69, 0.82221, 6, 70.1, 46.04, 0.17778, 1, 7, 47.99, 14.95, 1, 2, 7, 44.3, -29.35, 0.99043, 6, 92.73, -28.65, 0.00956, 2, 7, 23.59, -48.84, 0.86826, 6, 72.33, -48.46, 0.13173, 2, 7, -14.84, -42.67, 0.29643, 6, 33.8, -42.9, 0.70356, 2, 7, -23.46, 21.57, 0.12472, 6, 24.17, 21.2, 0.87527, 2, 7, -23.47, -35.54, 0.18416, 6, 25.06, -35.9, 0.81583 ],
				"hull": 10
			}
		},
		"asset_95": {
			"asset_93": {
				"type": "mesh",
				"uvs": [ 0.04342, 0.17508, 0.31384, 0.01158, 0.74247, 0.01008, 0.83629, 0.18708, 0.86205, 0.38058, 0.87492, 0.77658, 0.6045, 0.98808, 0.18507, 0.98657, 0, 0.83958, 0.01582, 0.54108, 0.6137, 0.43608, 0.07653, 0.47058 ],
				"triangles": [ 5, 6, 10, 8, 9, 7, 6, 7, 10, 9, 11, 7, 7, 11, 10, 10, 4, 5, 9, 0, 11, 11, 1, 10, 11, 0, 1, 10, 3, 4, 10, 2, 3, 10, 1, 2 ],
				"vertices": [ 1, 15, -13.49, -36.98, 1, 1, 15, -32.9, -7.03, 1, 1, 15, -30.23, 38.31, 1, 2, 15, -6.63, 46.79, 0.9983, 16, -53.87, 47.64, 0.00169, 2, 15, 18.62999, 47.93, 0.92222, 16, -28.58, 48.38, 0.07777, 2, 15, 70.1, 46.04, 0.22049, 16, 22.84, 45.69, 0.7795, 1, 16, 47.99, 14.95, 1, 2, 15, 92.73, -28.65, 0.01172, 16, 44.3, -29.35, 0.98827, 2, 15, 72.33, -48.46, 0.14633, 16, 23.59, -48.84, 0.85366, 2, 15, 33.8, -42.9, 0.72439, 16, -14.84, -42.67, 0.27559, 2, 15, 24.17, 21.2, 0.94294, 16, -23.46, 21.57, 0.05705, 2, 15, 25.06, -35.9, 0.90137, 16, -23.47, -35.54, 0.09862 ],
				"hull": 10
			}
		}
	}
},
"animations": {
	"Indle": {
		"slots": {
			"asset_5": {
				"color": [
					{ "time": 0, "color": "ffffffff", "curve": "stepped" },
					{ "time": 1, "color": "ffffffff" }
				],
				"attachment": [
					{ "time": 0, "name": "asset_07" },
					{ "time": 0.5, "name": "asset_05" },
					{ "time": 1, "name": "asset_07" }
				]
			},
			"asset_17": {
				"color": [
					{ "time": 0, "color": "ffffffff", "curve": "stepped" },
					{ "time": 1, "color": "ffffffff" }
				],
				"attachment": [
					{ "time": 0, "name": "asset_16" },
					{ "time": 1, "name": "asset_16" }
				]
			},
			"asset_79": {
				"color": [
					{ "time": 0, "color": "ffffffff", "curve": "stepped" },
					{ "time": 1, "color": "ffffffff" }
				],
				"attachment": [
					{ "time": 0, "name": "asset_78" },
					{ "time": 1, "name": "asset_78" }
				]
			},
			"asset_82": {
				"color": [
					{ "time": 0, "color": "ffffffff", "curve": "stepped" },
					{ "time": 1, "color": "ffffffff" }
				],
				"attachment": [
					{ "time": 0, "name": "asset_81" },
					{ "time": 1, "name": "asset_81" }
				]
			},
			"asset_83": {
				"color": [
					{ "time": 0, "color": "ffffffff", "curve": "stepped" },
					{ "time": 1, "color": "ffffffff" }
				],
				"attachment": [
					{ "time": 0, "name": "asset_81" },
					{ "time": 1, "name": "asset_81" }
				]
			},
			"asset_91": {
				"color": [
					{ "time": 0, "color": "ffffffff", "curve": "stepped" },
					{ "time": 1, "color": "ffffffff" }
				],
				"attachment": [
					{ "time": 0, "name": "asset_90" },
					{ "time": 1, "name": "asset_90" }
				]
			},
			"asset_93": {
				"color": [
					{ "time": 0, "color": "ffffffff", "curve": "stepped" },
					{ "time": 1, "color": "ffffffff" }
				],
				"attachment": [
					{ "time": 0, "name": "Layer-50" },
					{ "time": 1, "name": "Layer-50" }
				]
			},
			"asset_94": {
				"color": [
					{ "time": 0, "color": "ffffffff", "curve": "stepped" },
					{ "time": 1, "color": "ffffffff" }
				],
				"attachment": [
					{ "time": 0, "name": "asset_93" },
					{ "time": 1, "name": "asset_93" }
				]
			},
			"asset_95": {
				"color": [
					{ "time": 0, "color": "ffffffff", "curve": "stepped" },
					{ "time": 1, "color": "ffffffff" }
				],
				"attachment": [
					{ "time": 0, "name": "asset_93" },
					{ "time": 1, "name": "asset_93" }
				]
			}
		},
		"bones": {
			"root": {
				"rotate": [
					{ "time": 0, "angle": 0, "curve": "stepped" },
					{ "time": 1, "angle": 0 }
				],
				"translate": [
					{ "time": 0, "x": 0, "y": 0, "curve": "stepped" },
					{ "time": 1, "x": 0, "y": 0 }
				],
				"scale": [
					{ "time": 0, "x": 1, "y": 1, "curve": "stepped" },
					{ "time": 1, "x": 1, "y": 1 }
				]
			},
			"bone": {
				"rotate": [
					{ "time": 0, "angle": 0, "curve": "stepped" },
					{ "time": 1, "angle": 0 }
				],
				"translate": [
					{ "time": 0, "x": 0, "y": 0, "curve": "stepped" },
					{ "time": 1, "x": 0, "y": 0 }
				],
				"scale": [
					{ "time": 0, "x": 1, "y": 1, "curve": "stepped" },
					{ "time": 1, "x": 1, "y": 1 }
				]
			},
			"bone2": {
				"rotate": [
					{ "time": 0, "angle": 0, "curve": "stepped" },
					{ "time": 1, "angle": 0 }
				],
				"translate": [
					{ "time": 0, "x": 0, "y": 0 },
					{ "time": 0.5, "x": -6.78, "y": 0 },
					{ "time": 1, "x": 0, "y": 0 }
				],
				"scale": [
					{ "time": 0, "x": 1, "y": 1, "curve": "stepped" },
					{ "time": 1, "x": 1, "y": 1 }
				]
			},
			"bone3": {
				"rotate": [
					{ "time": 0, "angle": 0, "curve": "stepped" },
					{ "time": 1, "angle": 0 }
				],
				"translate": [
					{ "time": 0, "x": 0, "y": 0, "curve": "stepped" },
					{ "time": 1, "x": 0, "y": 0 }
				],
				"scale": [
					{ "time": 0, "x": 1, "y": 1, "curve": "stepped" },
					{ "time": 1, "x": 1, "y": 1 }
				]
			},
			"bone4": {
				"rotate": [
					{ "time": 0, "angle": -57.12 },
					{ "time": 0.5, "angle": -51.75 },
					{ "time": 1, "angle": -57.12 }
				],
				"translate": [
					{ "time": 0, "x": 0, "y": 0, "curve": "stepped" },
					{ "time": 1, "x": 0, "y": 0 }
				],
				"scale": [
					{ "time": 0, "x": 1, "y": 1, "curve": "stepped" },
					{ "time": 1, "x": 1, "y": 1 }
				]
			},
			"bone5": {
				"rotate": [
					{ "time": 0, "angle": 0 },
					{ "time": 0.5, "angle": 5.37 },
					{ "time": 1, "angle": 0 }
				],
				"translate": [
					{ "time": 0, "x": 0, "y": 0, "curve": "stepped" },
					{ "time": 1, "x": 0, "y": 0 }
				],
				"scale": [
					{ "time": 0, "x": 1, "y": 1, "curve": "stepped" },
					{ "time": 1, "x": 1, "y": 1 }
				]
			},
			"bone6": {
				"rotate": [
					{ "time": 0, "angle": 0, "curve": "stepped" },
					{ "time": 1, "angle": 0 }
				],
				"translate": [
					{ "time": 0, "x": 0, "y": 0, "curve": "stepped" },
					{ "time": 1, "x": 0, "y": 0 }
				],
				"scale": [
					{ "time": 0, "x": 1, "y": 1, "curve": "stepped" },
					{ "time": 1, "x": 1, "y": 1 }
				]
			},
			"bone7": {
				"rotate": [
					{ "time": 0, "angle": 0, "curve": "stepped" },
					{ "time": 1, "angle": 0 }
				],
				"translate": [
					{ "time": 0, "x": 0, "y": 0, "curve": "stepped" },
					{ "time": 1, "x": 0, "y": 0 }
				],
				"scale": [
					{ "time": 0, "x": 1, "y": 1, "curve": "stepped" },
					{ "time": 1, "x": 1, "y": 1 }
				]
			},
			"bone8": {
				"rotate": [
					{ "time": 0, "angle": 0, "curve": "stepped" },
					{ "time": 1, "angle": 0 }
				],
				"translate": [
					{ "time": 0, "x": 0, "y": 0, "curve": "stepped" },
					{ "time": 1, "x": 0, "y": 0 }
				],
				"scale": [
					{ "time": 0, "x": 1, "y": 1, "curve": "stepped" },
					{ "time": 1, "x": 1, "y": 1 }
				]
			},
			"bone9": {
				"rotate": [
					{ "time": 0, "angle": 0 },
					{ "time": 0.5, "angle": 17.35 },
					{ "time": 1, "angle": 0 }
				],
				"translate": [
					{ "time": 0, "x": 0, "y": 0, "curve": "stepped" },
					{ "time": 1, "x": 0, "y": 0 }
				],
				"scale": [
					{ "time": 0, "x": 1, "y": 1, "curve": "stepped" },
					{ "time": 1, "x": 1, "y": 1 }
				]
			},
			"bone10": {
				"rotate": [
					{ "time": 0, "angle": 0, "curve": "stepped" },
					{ "time": 1, "angle": 0 }
				],
				"translate": [
					{ "time": 0, "x": 0, "y": 0, "curve": "stepped" },
					{ "time": 1, "x": 0, "y": 0 }
				],
				"scale": [
					{ "time": 0, "x": 1, "y": 1, "curve": "stepped" },
					{ "time": 1, "x": 1, "y": 1 }
				]
			},
			"bone11": {
				"rotate": [
					{ "time": 0, "angle": 0 },
					{ "time": 0.5, "angle": 17.35 },
					{ "time": 1, "angle": 0 }
				],
				"translate": [
					{ "time": 0, "x": 0, "y": 0, "curve": "stepped" },
					{ "time": 1, "x": 0, "y": 0 }
				],
				"scale": [
					{ "time": 0, "x": 1, "y": 1, "curve": "stepped" },
					{ "time": 1, "x": 1, "y": 1 }
				]
			},
			"bone12": {
				"rotate": [
					{ "time": 0, "angle": 0, "curve": "stepped" },
					{ "time": 1, "angle": 0 }
				],
				"translate": [
					{ "time": 0, "x": 0, "y": 0, "curve": "stepped" },
					{ "time": 1, "x": 0, "y": 0 }
				],
				"scale": [
					{ "time": 0, "x": 1, "y": 1, "curve": "stepped" },
					{ "time": 1, "x": 1, "y": 1 }
				]
			},
			"bone13": {
				"rotate": [
					{ "time": 0, "angle": 0 },
					{ "time": 0.5, "angle": 17.35 },
					{ "time": 1, "angle": 0 }
				],
				"translate": [
					{ "time": 0, "x": 0, "y": 0, "curve": "stepped" },
					{ "time": 1, "x": 0, "y": 0 }
				],
				"scale": [
					{ "time": 0, "x": 1, "y": 1, "curve": "stepped" },
					{ "time": 1, "x": 1, "y": 1 }
				]
			},
			"bone14": {
				"rotate": [
					{ "time": 0, "angle": 0, "curve": "stepped" },
					{ "time": 1, "angle": 0 }
				],
				"translate": [
					{ "time": 0, "x": 0, "y": 0, "curve": "stepped" },
					{ "time": 1, "x": 0, "y": 0 }
				],
				"scale": [
					{ "time": 0, "x": 1, "y": 1, "curve": "stepped" },
					{ "time": 1, "x": 1, "y": 1 }
				]
			},
			"bone15": {
				"rotate": [
					{ "time": 0, "angle": 0, "curve": "stepped" },
					{ "time": 1, "angle": 0 }
				],
				"translate": [
					{ "time": 0, "x": 0, "y": 0, "curve": "stepped" },
					{ "time": 1, "x": 0, "y": 0 }
				],
				"scale": [
					{ "time": 0, "x": 1, "y": 1, "curve": "stepped" },
					{ "time": 1, "x": 1, "y": 1 }
				]
			},
			"bone16": {
				"rotate": [
					{ "time": 0, "angle": 0, "curve": "stepped" },
					{ "time": 1, "angle": 0 }
				],
				"translate": [
					{ "time": 0, "x": 0, "y": 0, "curve": "stepped" },
					{ "time": 1, "x": 0, "y": 0 }
				],
				"scale": [
					{ "time": 0, "x": 1, "y": 1, "curve": "stepped" },
					{ "time": 1, "x": 1, "y": 1 }
				]
			},
			"bone17": {
				"rotate": [
					{ "time": 0, "angle": -74.95 },
					{ "time": 0.5, "angle": -69.58 },
					{ "time": 1, "angle": -74.95 }
				],
				"translate": [
					{ "time": 0, "x": 0, "y": 0, "curve": "stepped" },
					{ "time": 1, "x": 0, "y": 0 }
				],
				"scale": [
					{ "time": 0, "x": 1, "y": 1, "curve": "stepped" },
					{ "time": 1, "x": 1, "y": 1 }
				]
			},
			"bone18": {
				"rotate": [
					{ "time": 0, "angle": 0 },
					{ "time": 0.5, "angle": 5.37 },
					{ "time": 1, "angle": 0 }
				],
				"translate": [
					{ "time": 0, "x": 0, "y": 0, "curve": "stepped" },
					{ "time": 1, "x": 0, "y": 0 }
				],
				"scale": [
					{ "time": 0, "x": 1, "y": 1, "curve": "stepped" },
					{ "time": 1, "x": 1, "y": 1 }
				]
			},
			"bone19": {
				"rotate": [
					{ "time": 0, "angle": 0, "curve": "stepped" },
					{ "time": 1, "angle": 0 }
				],
				"translate": [
					{ "time": 0, "x": 0, "y": 0, "curve": "stepped" },
					{ "time": 1, "x": 0, "y": 0 }
				],
				"scale": [
					{ "time": 0, "x": 1, "y": 1, "curve": "stepped" },
					{ "time": 1, "x": 1, "y": 1 }
				]
			},
			"bone20": {
				"rotate": [
					{ "time": 0, "angle": 0, "curve": "stepped" },
					{ "time": 1, "angle": 0 }
				],
				"translate": [
					{ "time": 0, "x": 0, "y": 0, "curve": "stepped" },
					{ "time": 1, "x": 0, "y": 0 }
				],
				"scale": [
					{ "time": 0, "x": 1, "y": 1, "curve": "stepped" },
					{ "time": 1, "x": 1, "y": 1 }
				]
			}
		},
		"deform": {
			"default": {
				"asset_79": {
					"asset_78": [
						{ "time": 0, "curve": "stepped" },
						{ "time": 1 }
					]
				},
				"asset_82": {
					"asset_81": [
						{ "time": 0, "curve": "stepped" },
						{ "time": 1 }
					]
				},
				"asset_83": {
					"asset_81": [
						{ "time": 0, "curve": "stepped" },
						{ "time": 1 }
					]
				},
				"asset_91": {
					"asset_90": [
						{ "time": 0, "curve": "stepped" },
						{ "time": 1 }
					]
				},
				"asset_93": {
					"Layer-50": [
						{ "time": 0, "curve": "stepped" },
						{ "time": 1 }
					]
				},
				"asset_94": {
					"asset_93": [
						{ "time": 0, "curve": "stepped" },
						{ "time": 1 }
					]
				},
				"asset_95": {
					"asset_93": [
						{ "time": 0, "curve": "stepped" },
						{ "time": 1 }
					]
				}
			}
		}
	},
	"die": {
		"slots": {
			"asset_5": {
				"attachment": [
					{ "time": 0, "name": null },
					{ "time": 0.6666, "name": null }
				]
			},
			"asset_17": {
				"attachment": [
					{ "time": 0, "name": null },
					{ "time": 0.6666, "name": null }
				]
			},
			"asset_79": {
				"color": [
					{ "time": 0, "color": "404040ff", "curve": "stepped" },
					{ "time": 0.6666, "color": "404040ff" }
				],
				"attachment": [
					{ "time": 0, "name": "asset_78" },
					{ "time": 0.6666, "name": "asset_78" }
				]
			},
			"asset_82": {
				"color": [
					{ "time": 0, "color": "404040ff", "curve": "stepped" },
					{ "time": 0.6666, "color": "404040ff" }
				],
				"attachment": [
					{ "time": 0, "name": "asset_81" },
					{ "time": 0.6666, "name": "asset_81" }
				]
			},
			"asset_83": {
				"color": [
					{ "time": 0, "color": "404040ff", "curve": "stepped" },
					{ "time": 0.6666, "color": "404040ff" }
				],
				"attachment": [
					{ "time": 0, "name": "asset_81" },
					{ "time": 0.6666, "name": "asset_81" }
				]
			},
			"asset_91": {
				"color": [
					{ "time": 0, "color": "404040ff", "curve": "stepped" },
					{ "time": 0.6666, "color": "404040ff" }
				],
				"attachment": [
					{ "time": 0, "name": "asset_90" },
					{ "time": 0.6666, "name": "asset_90" }
				]
			},
			"asset_93": {
				"color": [
					{ "time": 0, "color": "404040ff" },
					{ "time": 0.6666, "color": "000000ff" }
				],
				"attachment": [
					{ "time": 0, "name": null },
					{ "time": 0.6666, "name": null }
				]
			},
			"asset_94": {
				"color": [
					{ "time": 0, "color": "404040ff", "curve": "stepped" },
					{ "time": 0.6666, "color": "404040ff" }
				],
				"attachment": [
					{ "time": 0, "name": "asset_93" },
					{ "time": 0.6666, "name": "asset_93" }
				]
			},
			"asset_95": {
				"color": [
					{ "time": 0, "color": "404040ff", "curve": "stepped" },
					{ "time": 0.6666, "color": "404040ff" }
				],
				"attachment": [
					{ "time": 0, "name": "asset_93" },
					{ "time": 0.6666, "name": "asset_93" }
				]
			}
		},
		"bones": {
			"root": {
				"rotate": [
					{ "time": 0, "angle": 0 },
					{ "time": 0.1666, "angle": -10.79 },
					{ "time": 0.3333, "angle": -16.08 },
					{ "time": 0.5, "angle": -20.87 },
					{ "time": 0.6666, "angle": 0 }
				],
				"translate": [
					{ "time": 0, "x": 0, "y": 0, "curve": "stepped" },
					{ "time": 0.6666, "x": 0, "y": 0 }
				],
				"scale": [
					{ "time": 0, "x": 1, "y": 1, "curve": "stepped" },
					{ "time": 0.6666, "x": 1, "y": 1 }
				]
			},
			"bone": {
				"rotate": [
					{ "time": 0, "angle": 0 },
					{ "time": 0.1666, "angle": -68.62 },
					{ "time": 0.3333, "angle": -177.94 },
					{ "time": 0.5, "angle": -260.24 },
					{ "time": 0.6666, "angle": 0 }
				],
				"translate": [
					{ "time": 0, "x": 0, "y": 0, "curve": "stepped" },
					{ "time": 0.6666, "x": 0, "y": 0 }
				],
				"scale": [
					{ "time": 0, "x": 1, "y": 1, "curve": "stepped" },
					{ "time": 0.6666, "x": 1, "y": 1 }
				]
			},
			"bone2": {
				"rotate": [
					{ "time": 0, "angle": 0 },
					{ "time": 0.1666, "angle": -6.28 },
					{ "time": 0.3333, "angle": 1.04 },
					{ "time": 0.5, "angle": 14.63 },
					{ "time": 0.6666, "angle": 0 }
				],
				"translate": [
					{ "time": 0, "x": 0, "y": 0, "curve": "stepped" },
					{ "time": 0.6666, "x": 0, "y": 0 }
				],
				"scale": [
					{ "time": 0, "x": 1, "y": 1, "curve": "stepped" },
					{ "time": 0.6666, "x": 1, "y": 1 }
				]
			},
			"bone3": {
				"rotate": [
					{ "time": 0, "angle": 0 },
					{ "time": 0.1666, "angle": 7.8 },
					{ "time": 0.3333, "angle": 29.22 },
					{ "time": 0.5, "angle": 27.05 },
					{ "time": 0.6666, "angle": 0 }
				],
				"translate": [
					{ "time": 0, "x": 0, "y": 0, "curve": "stepped" },
					{ "time": 0.6666, "x": 0, "y": 0 }
				],
				"scale": [
					{ "time": 0, "x": 1, "y": 1, "curve": "stepped" },
					{ "time": 0.6666, "x": 1, "y": 1 }
				]
			},
			"bone4": {
				"rotate": [
					{ "time": 0, "angle": 0 },
					{ "time": 0.1666, "angle": -10.79 },
					{ "time": 0.3333, "angle": -16.08 },
					{ "time": 0.5, "angle": -20.87 },
					{ "time": 0.6666, "angle": 0 }
				],
				"translate": [
					{ "time": 0, "x": 0, "y": 0, "curve": "stepped" },
					{ "time": 0.6666, "x": 0, "y": 0 }
				],
				"scale": [
					{ "time": 0, "x": 1, "y": 1, "curve": "stepped" },
					{ "time": 0.6666, "x": 1, "y": 1 }
				]
			},
			"bone5": {
				"rotate": [
					{ "time": 0, "angle": 0 },
					{ "time": 0.1666, "angle": 1.08 },
					{ "time": 0.3333, "angle": 15.78 },
					{ "time": 0.5, "angle": 13.61 },
					{ "time": 0.6666, "angle": 0 }
				],
				"translate": [
					{ "time": 0, "x": 0, "y": 0, "curve": "stepped" },
					{ "time": 0.6666, "x": 0, "y": 0 }
				],
				"scale": [
					{ "time": 0, "x": 1, "y": 1, "curve": "stepped" },
					{ "time": 0.6666, "x": 1, "y": 1 }
				]
			},
			"bone6": {
				"rotate": [
					{ "time": 0, "angle": 0 },
					{ "time": 0.1666, "angle": 2.59 },
					{ "time": 0.3333, "angle": 5.41 },
					{ "time": 0.5, "angle": 333.13 },
					{ "time": 0.6666, "angle": 0 }
				],
				"translate": [
					{ "time": 0, "x": 0, "y": 0, "curve": "stepped" },
					{ "time": 0.6666, "x": 0, "y": 0 }
				],
				"scale": [
					{ "time": 0, "x": 1, "y": 1, "curve": "stepped" },
					{ "time": 0.6666, "x": 1, "y": 1 }
				]
			},
			"bone7": {
				"rotate": [
					{ "time": 0, "angle": 0 },
					{ "time": 0.1666, "angle": -29.29 },
					{ "time": 0.3333, "angle": -44.96 },
					{ "time": 0.5, "angle": -47.14 },
					{ "time": 0.6666, "angle": 0 }
				],
				"translate": [
					{ "time": 0, "x": 0, "y": 0, "curve": "stepped" },
					{ "time": 0.6666, "x": 0, "y": 0 }
				],
				"scale": [
					{ "time": 0, "x": 1, "y": 1, "curve": "stepped" },
					{ "time": 0.6666, "x": 1, "y": 1 }
				]
			},
			"bone8": {
				"rotate": [
					{ "time": 0, "angle": 0 },
					{ "time": 0.1666, "angle": -10.79 },
					{ "time": 0.3333, "angle": -16.08 },
					{ "time": 0.5, "angle": -20.87 },
					{ "time": 0.6666, "angle": 0 }
				],
				"translate": [
					{ "time": 0, "x": 0, "y": 0, "curve": "stepped" },
					{ "time": 0.6666, "x": 0, "y": 0 }
				],
				"scale": [
					{ "time": 0, "x": 1, "y": 1, "curve": "stepped" },
					{ "time": 0.6666, "x": 1, "y": 1 }
				]
			},
			"bone9": {
				"rotate": [
					{ "time": 0, "angle": 0 },
					{ "time": 0.1666, "angle": -10.79 },
					{ "time": 0.3333, "angle": -16.08 },
					{ "time": 0.5, "angle": -20.87 },
					{ "time": 0.6666, "angle": 0 }
				],
				"translate": [
					{ "time": 0, "x": 0, "y": 0, "curve": "stepped" },
					{ "time": 0.6666, "x": 0, "y": 0 }
				],
				"scale": [
					{ "time": 0, "x": 1, "y": 1, "curve": "stepped" },
					{ "time": 0.6666, "x": 1, "y": 1 }
				]
			},
			"bone10": {
				"rotate": [
					{ "time": 0, "angle": 0 },
					{ "time": 0.1666, "angle": -10.79 },
					{ "time": 0.3333, "angle": -16.08 },
					{ "time": 0.5, "angle": -20.87 },
					{ "time": 0.6666, "angle": 0 }
				],
				"translate": [
					{ "time": 0, "x": 0, "y": 0, "curve": "stepped" },
					{ "time": 0.6666, "x": 0, "y": 0 }
				],
				"scale": [
					{ "time": 0, "x": 1, "y": 1, "curve": "stepped" },
					{ "time": 0.6666, "x": 1, "y": 1 }
				]
			},
			"bone11": {
				"rotate": [
					{ "time": 0, "angle": 0 },
					{ "time": 0.1666, "angle": -10.79 },
					{ "time": 0.3333, "angle": -16.08 },
					{ "time": 0.5, "angle": -20.87 },
					{ "time": 0.6666, "angle": 0 }
				],
				"translate": [
					{ "time": 0, "x": 0, "y": 0, "curve": "stepped" },
					{ "time": 0.6666, "x": 0, "y": 0 }
				],
				"scale": [
					{ "time": 0, "x": 1, "y": 1, "curve": "stepped" },
					{ "time": 0.6666, "x": 1, "y": 1 }
				]
			},
			"bone12": {
				"rotate": [
					{ "time": 0, "angle": 0 },
					{ "time": 0.1666, "angle": -10.79 },
					{ "time": 0.3333, "angle": -16.08 },
					{ "time": 0.5, "angle": -20.87 },
					{ "time": 0.6666, "angle": 0 }
				],
				"translate": [
					{ "time": 0, "x": 0, "y": 0, "curve": "stepped" },
					{ "time": 0.6666, "x": 0, "y": 0 }
				],
				"scale": [
					{ "time": 0, "x": 1, "y": 1, "curve": "stepped" },
					{ "time": 0.6666, "x": 1, "y": 1 }
				]
			},
			"bone13": {
				"rotate": [
					{ "time": 0, "angle": 0 },
					{ "time": 0.1666, "angle": -10.79 },
					{ "time": 0.3333, "angle": -16.08 },
					{ "time": 0.5, "angle": -20.87 },
					{ "time": 0.6666, "angle": 0 }
				],
				"translate": [
					{ "time": 0, "x": 0, "y": 0, "curve": "stepped" },
					{ "time": 0.6666, "x": 0, "y": 0 }
				],
				"scale": [
					{ "time": 0, "x": 1, "y": 1, "curve": "stepped" },
					{ "time": 0.6666, "x": 1, "y": 1 }
				]
			},
			"bone14": {
				"rotate": [
					{ "time": 0, "angle": 0 },
					{ "time": 0.1666, "angle": -10.79 },
					{ "time": 0.3333, "angle": -16.08 },
					{ "time": 0.5, "angle": -20.87 },
					{ "time": 0.6666, "angle": 0 }
				],
				"translate": [
					{ "time": 0, "x": 0, "y": 0, "curve": "stepped" },
					{ "time": 0.6666, "x": 0, "y": 0 }
				],
				"scale": [
					{ "time": 0, "x": 1, "y": 1, "curve": "stepped" },
					{ "time": 0.6666, "x": 1, "y": 1 }
				]
			},
			"bone15": {
				"rotate": [
					{ "time": 0, "angle": 0 },
					{ "time": 0.1666, "angle": 308.89 },
					{ "time": 0.3333, "angle": 311.7 },
					{ "time": 0.5, "angle": 309.53 },
					{ "time": 0.6666, "angle": 0 }
				],
				"translate": [
					{ "time": 0, "x": 0, "y": 0, "curve": "stepped" },
					{ "time": 0.6666, "x": 0, "y": 0 }
				],
				"scale": [
					{ "time": 0, "x": 1, "y": 1, "curve": "stepped" },
					{ "time": 0.6666, "x": 1, "y": 1 }
				]
			},
			"bone16": {
				"rotate": [
					{ "time": 0, "angle": 0 },
					{ "time": 0.1666, "angle": -41.21 },
					{ "time": 0.3333, "angle": -68.81 },
					{ "time": 0.5, "angle": -70.98 },
					{ "time": 0.6666, "angle": 0 }
				],
				"translate": [
					{ "time": 0, "x": 0, "y": 0, "curve": "stepped" },
					{ "time": 0.6666, "x": 0, "y": 0 }
				],
				"scale": [
					{ "time": 0, "x": 1, "y": 1, "curve": "stepped" },
					{ "time": 0.6666, "x": 1, "y": 1 }
				]
			},
			"bone17": {
				"rotate": [
					{ "time": 0, "angle": 0 },
					{ "time": 0.1666, "angle": 6.79 },
					{ "time": 0.3333, "angle": 9.61 },
					{ "time": 0.5, "angle": 7.43 },
					{ "time": 0.6666, "angle": 0 }
				],
				"translate": [
					{ "time": 0, "x": 0, "y": 0, "curve": "stepped" },
					{ "time": 0.6666, "x": 0, "y": 0 }
				],
				"scale": [
					{ "time": 0, "x": 1, "y": 1, "curve": "stepped" },
					{ "time": 0.6666, "x": 1, "y": 1 }
				]
			},
			"bone18": {
				"rotate": [
					{ "time": 0, "angle": 0 },
					{ "time": 0.1666, "angle": -10.79 },
					{ "time": 0.3333, "angle": -16.08 },
					{ "time": 0.5, "angle": -20.87 },
					{ "time": 0.6666, "angle": 0 }
				],
				"translate": [
					{ "time": 0, "x": 0, "y": 0, "curve": "stepped" },
					{ "time": 0.6666, "x": 0, "y": 0 }
				],
				"scale": [
					{ "time": 0, "x": 1, "y": 1, "curve": "stepped" },
					{ "time": 0.6666, "x": 1, "y": 1 }
				]
			},
			"bone19": {
				"rotate": [
					{ "time": 0, "angle": 0 },
					{ "time": 0.1666, "angle": -10.79 },
					{ "time": 0.3333, "angle": -16.08 },
					{ "time": 0.5, "angle": -20.87 },
					{ "time": 0.6666, "angle": 0 }
				],
				"translate": [
					{ "time": 0, "x": 0, "y": 0, "curve": "stepped" },
					{ "time": 0.6666, "x": 0, "y": 0 }
				],
				"scale": [
					{ "time": 0, "x": 1, "y": 1, "curve": "stepped" },
					{ "time": 0.6666, "x": 1, "y": 1 }
				]
			},
			"bone20": {
				"rotate": [
					{ "time": 0, "angle": 0 },
					{ "time": 0.1666, "angle": -10.79 },
					{ "time": 0.3333, "angle": -16.08 },
					{ "time": 0.5, "angle": -20.87 },
					{ "time": 0.6666, "angle": 0 }
				],
				"translate": [
					{ "time": 0, "x": 0, "y": 0, "curve": "stepped" },
					{ "time": 0.6666, "x": 0, "y": 0 }
				],
				"scale": [
					{ "time": 0, "x": 1, "y": 1, "curve": "stepped" },
					{ "time": 0.6666, "x": 1, "y": 1 }
				]
			}
		},
		"deform": {
			"default": {
				"asset_79": {
					"asset_78": [
						{ "time": 0, "curve": "stepped" },
						{ "time": 0.6666 }
					]
				},
				"asset_82": {
					"asset_81": [
						{ "time": 0, "curve": "stepped" },
						{ "time": 0.6666 }
					]
				},
				"asset_83": {
					"asset_81": [
						{ "time": 0, "curve": "stepped" },
						{ "time": 0.6666 }
					]
				},
				"asset_91": {
					"asset_90": [
						{ "time": 0, "curve": "stepped" },
						{ "time": 0.6666 }
					]
				},
				"asset_93": {
					"Layer-50": [
						{ "time": 0.6666 }
					]
				},
				"asset_94": {
					"asset_93": [
						{ "time": 0, "curve": "stepped" },
						{ "time": 0.6666 }
					]
				},
				"asset_95": {
					"asset_93": [
						{ "time": 0, "curve": "stepped" },
						{ "time": 0.6666 }
					]
				}
			}
		}
	},
	"run": {
		"slots": {
			"asset_5": {
				"color": [
					{ "time": 0, "color": "ffffffff", "curve": "stepped" },
					{ "time": 0.4666, "color": "ffffffff" }
				],
				"attachment": [
					{ "time": 0, "name": "asset_05" },
					{ "time": 0.2333, "name": "asset_07" },
					{ "time": 0.4666, "name": "asset_05" }
				]
			},
			"asset_17": {
				"color": [
					{ "time": 0, "color": "ffffffff", "curve": "stepped" },
					{ "time": 0.4666, "color": "ffffffff" }
				],
				"attachment": [
					{ "time": 0, "name": "asset_16" },
					{ "time": 0.2333, "name": "asset_16" },
					{ "time": 0.4666, "name": "asset_16" }
				]
			},
			"asset_79": {
				"color": [
					{ "time": 0, "color": "ffffffff", "curve": "stepped" },
					{ "time": 0.4666, "color": "ffffffff" }
				],
				"attachment": [
					{ "time": 0, "name": "asset_78" },
					{ "time": 0.2333, "name": "asset_78" },
					{ "time": 0.4666, "name": "asset_78" }
				]
			},
			"asset_82": {
				"color": [
					{ "time": 0, "color": "ffffffff", "curve": "stepped" },
					{ "time": 0.4666, "color": "ffffffff" }
				],
				"attachment": [
					{ "time": 0, "name": "asset_81" },
					{ "time": 0.2333, "name": "asset_81" },
					{ "time": 0.4666, "name": "asset_81" }
				]
			},
			"asset_83": {
				"color": [
					{ "time": 0, "color": "ffffffff", "curve": "stepped" },
					{ "time": 0.4666, "color": "ffffffff" }
				],
				"attachment": [
					{ "time": 0, "name": "asset_81" },
					{ "time": 0.2333, "name": "asset_81" },
					{ "time": 0.4666, "name": "asset_81" }
				]
			},
			"asset_91": {
				"color": [
					{ "time": 0, "color": "ffffffff", "curve": "stepped" },
					{ "time": 0.4666, "color": "ffffffff" }
				],
				"attachment": [
					{ "time": 0, "name": "asset_90" },
					{ "time": 0.2333, "name": "asset_90" },
					{ "time": 0.4666, "name": "asset_90" }
				]
			},
			"asset_93": {
				"color": [
					{ "time": 0, "color": "ffffffff", "curve": "stepped" },
					{ "time": 0.4666, "color": "ffffffff" }
				],
				"attachment": [
					{ "time": 0, "name": "Layer-50" },
					{ "time": 0.2333, "name": "Layer-50" },
					{ "time": 0.4666, "name": "Layer-50" }
				]
			},
			"asset_94": {
				"color": [
					{ "time": 0, "color": "ffffffff", "curve": "stepped" },
					{ "time": 0.4666, "color": "ffffffff" }
				],
				"attachment": [
					{ "time": 0, "name": "asset_93" },
					{ "time": 0.2333, "name": "asset_93" },
					{ "time": 0.4666, "name": "asset_93" }
				]
			},
			"asset_95": {
				"color": [
					{ "time": 0, "color": "ffffffff", "curve": "stepped" },
					{ "time": 0.4666, "color": "ffffffff" }
				],
				"attachment": [
					{ "time": 0, "name": "asset_93" },
					{ "time": 0.2333, "name": "asset_93" },
					{ "time": 0.4666, "name": "asset_93" }
				]
			}
		},
		"bones": {
			"root": {
				"rotate": [
					{ "time": 0, "angle": 0, "curve": "stepped" },
					{ "time": 0.2333, "angle": 0, "curve": "stepped" },
					{ "time": 0.4666, "angle": 0 }
				],
				"translate": [
					{ "time": 0, "x": 0, "y": 0, "curve": "stepped" },
					{ "time": 0.2333, "x": 0, "y": 0, "curve": "stepped" },
					{ "time": 0.4666, "x": 0, "y": 0 }
				],
				"scale": [
					{ "time": 0, "x": 1, "y": 1, "curve": "stepped" },
					{ "time": 0.2333, "x": 1, "y": 1, "curve": "stepped" },
					{ "time": 0.4666, "x": 1, "y": 1 }
				]
			},
			"bone": {
				"rotate": [
					{ "time": 0, "angle": 0, "curve": "stepped" },
					{ "time": 0.2333, "angle": 0, "curve": "stepped" },
					{ "time": 0.4666, "angle": 0 }
				],
				"translate": [
					{ "time": 0, "x": 0, "y": 0, "curve": "stepped" },
					{ "time": 0.2333, "x": 0, "y": 0, "curve": "stepped" },
					{ "time": 0.4666, "x": 0, "y": 0 }
				],
				"scale": [
					{ "time": 0, "x": 1, "y": 1, "curve": "stepped" },
					{ "time": 0.2333, "x": 1, "y": 1, "curve": "stepped" },
					{ "time": 0.4666, "x": 1, "y": 1 }
				]
			},
			"bone2": {
				"rotate": [
					{ "time": 0, "angle": 8.46 },
					{ "time": 0.2333, "angle": -6.35 },
					{ "time": 0.4666, "angle": 8.46 }
				],
				"translate": [
					{ "time": 0, "x": 0, "y": 0, "curve": "stepped" },
					{ "time": 0.2333, "x": 0, "y": 0, "curve": "stepped" },
					{ "time": 0.4666, "x": 0, "y": 0 }
				],
				"scale": [
					{ "time": 0, "x": 1, "y": 1, "curve": "stepped" },
					{ "time": 0.2333, "x": 1, "y": 1, "curve": "stepped" },
					{ "time": 0.4666, "x": 1, "y": 1 }
				]
			},
			"bone3": {
				"rotate": [
					{ "time": 0, "angle": 0, "curve": "stepped" },
					{ "time": 0.2333, "angle": 0, "curve": "stepped" },
					{ "time": 0.4666, "angle": 0 }
				],
				"translate": [
					{ "time": 0, "x": 0, "y": 0, "curve": "stepped" },
					{ "time": 0.2333, "x": 0, "y": 0, "curve": "stepped" },
					{ "time": 0.4666, "x": 0, "y": 0 }
				],
				"scale": [
					{ "time": 0, "x": 1, "y": 1, "curve": "stepped" },
					{ "time": 0.2333, "x": 1, "y": 1, "curve": "stepped" },
					{ "time": 0.4666, "x": 1, "y": 1 }
				]
			},
			"bone4": {
				"rotate": [
					{ "time": 0, "angle": -57.12, "curve": "stepped" },
					{ "time": 0.2333, "angle": -57.12, "curve": "stepped" },
					{ "time": 0.4666, "angle": -57.12 }
				],
				"translate": [
					{ "time": 0, "x": 0, "y": 0, "curve": "stepped" },
					{ "time": 0.2333, "x": 0, "y": 0, "curve": "stepped" },
					{ "time": 0.4666, "x": 0, "y": 0 }
				],
				"scale": [
					{ "time": 0, "x": 1, "y": 1, "curve": "stepped" },
					{ "time": 0.2333, "x": 1, "y": 1, "curve": "stepped" },
					{ "time": 0.4666, "x": 1, "y": 1 }
				]
			},
			"bone5": {
				"rotate": [
					{ "time": 0, "angle": 0, "curve": "stepped" },
					{ "time": 0.2333, "angle": 0, "curve": "stepped" },
					{ "time": 0.4666, "angle": 0 }
				],
				"translate": [
					{ "time": 0, "x": 0, "y": 0, "curve": "stepped" },
					{ "time": 0.2333, "x": 0, "y": 0, "curve": "stepped" },
					{ "time": 0.4666, "x": 0, "y": 0 }
				],
				"scale": [
					{ "time": 0, "x": 1, "y": 1, "curve": "stepped" },
					{ "time": 0.2333, "x": 1, "y": 1, "curve": "stepped" },
					{ "time": 0.4666, "x": 1, "y": 1 }
				]
			},
			"bone6": {
				"rotate": [
					{ "time": 0, "angle": 0, "curve": "stepped" },
					{ "time": 0.2333, "angle": 0, "curve": "stepped" },
					{ "time": 0.4666, "angle": 0 }
				],
				"translate": [
					{ "time": 0, "x": 0, "y": 0, "curve": "stepped" },
					{ "time": 0.2333, "x": 0, "y": 0, "curve": "stepped" },
					{ "time": 0.4666, "x": 0, "y": 0 }
				],
				"scale": [
					{ "time": 0, "x": 0.863, "y": 0.863 },
					{ "time": 0.2333, "x": 1, "y": 1 },
					{ "time": 0.4666, "x": 0.863, "y": 0.863 }
				]
			},
			"bone7": {
				"rotate": [
					{ "time": 0, "angle": 0, "curve": "stepped" },
					{ "time": 0.2333, "angle": 0, "curve": "stepped" },
					{ "time": 0.4666, "angle": 0 }
				],
				"translate": [
					{ "time": 0, "x": 0, "y": 0, "curve": "stepped" },
					{ "time": 0.2333, "x": 0, "y": 0, "curve": "stepped" },
					{ "time": 0.4666, "x": 0, "y": 0 }
				],
				"scale": [
					{ "time": 0, "x": 0.744, "y": 1 },
					{ "time": 0.2333, "x": 1, "y": 1 },
					{ "time": 0.4666, "x": 0.744, "y": 1 }
				]
			},
			"bone8": {
				"rotate": [
					{ "time": 0, "angle": 0, "curve": "stepped" },
					{ "time": 0.2333, "angle": 0, "curve": "stepped" },
					{ "time": 0.4666, "angle": 0 }
				],
				"translate": [
					{ "time": 0, "x": 0, "y": 0, "curve": "stepped" },
					{ "time": 0.2333, "x": 0, "y": 0, "curve": "stepped" },
					{ "time": 0.4666, "x": 0, "y": 0 }
				],
				"scale": [
					{ "time": 0, "x": 1, "y": 1, "curve": "stepped" },
					{ "time": 0.2333, "x": 1, "y": 1, "curve": "stepped" },
					{ "time": 0.4666, "x": 1, "y": 1 }
				]
			},
			"bone9": {
				"rotate": [
					{ "time": 0, "angle": -9.49 },
					{ "time": 0.2333, "angle": 12.62 },
					{ "time": 0.4666, "angle": -9.49 }
				],
				"translate": [
					{ "time": 0, "x": 0, "y": 0, "curve": "stepped" },
					{ "time": 0.2333, "x": 0, "y": 0, "curve": "stepped" },
					{ "time": 0.4666, "x": 0, "y": 0 }
				],
				"scale": [
					{ "time": 0, "x": 1, "y": 1, "curve": "stepped" },
					{ "time": 0.2333, "x": 1, "y": 1, "curve": "stepped" },
					{ "time": 0.4666, "x": 1, "y": 1 }
				]
			},
			"bone10": {
				"rotate": [
					{ "time": 0, "angle": 0, "curve": "stepped" },
					{ "time": 0.2333, "angle": 0, "curve": "stepped" },
					{ "time": 0.4666, "angle": 0 }
				],
				"translate": [
					{ "time": 0, "x": 0, "y": 0, "curve": "stepped" },
					{ "time": 0.2333, "x": 0, "y": 0, "curve": "stepped" },
					{ "time": 0.4666, "x": 0, "y": 0 }
				],
				"scale": [
					{ "time": 0, "x": 1, "y": 1, "curve": "stepped" },
					{ "time": 0.2333, "x": 1, "y": 1, "curve": "stepped" },
					{ "time": 0.4666, "x": 1, "y": 1 }
				]
			},
			"bone11": {
				"rotate": [
					{ "time": 0, "angle": -9.33 },
					{ "time": 0.2333, "angle": 12.95 },
					{ "time": 0.4666, "angle": -9.33 }
				],
				"translate": [
					{ "time": 0, "x": 0, "y": 0, "curve": "stepped" },
					{ "time": 0.2333, "x": 0, "y": 0, "curve": "stepped" },
					{ "time": 0.4666, "x": 0, "y": 0 }
				],
				"scale": [
					{ "time": 0, "x": 1, "y": 1, "curve": "stepped" },
					{ "time": 0.2333, "x": 1, "y": 1, "curve": "stepped" },
					{ "time": 0.4666, "x": 1, "y": 1 }
				]
			},
			"bone12": {
				"rotate": [
					{ "time": 0, "angle": 0, "curve": "stepped" },
					{ "time": 0.2333, "angle": 0, "curve": "stepped" },
					{ "time": 0.4666, "angle": 0 }
				],
				"translate": [
					{ "time": 0, "x": 0, "y": 0, "curve": "stepped" },
					{ "time": 0.2333, "x": 0, "y": 0, "curve": "stepped" },
					{ "time": 0.4666, "x": 0, "y": 0 }
				],
				"scale": [
					{ "time": 0, "x": 1, "y": 1, "curve": "stepped" },
					{ "time": 0.2333, "x": 1, "y": 1, "curve": "stepped" },
					{ "time": 0.4666, "x": 1, "y": 1 }
				]
			},
			"bone13": {
				"rotate": [
					{ "time": 0, "angle": -15.81 },
					{ "time": 0.2333, "angle": 15.94 },
					{ "time": 0.4666, "angle": -15.81 }
				],
				"translate": [
					{ "time": 0, "x": 0, "y": 0, "curve": "stepped" },
					{ "time": 0.2333, "x": 0, "y": 0, "curve": "stepped" },
					{ "time": 0.4666, "x": 0, "y": 0 }
				],
				"scale": [
					{ "time": 0, "x": 1, "y": 1, "curve": "stepped" },
					{ "time": 0.2333, "x": 1, "y": 1, "curve": "stepped" },
					{ "time": 0.4666, "x": 1, "y": 1 }
				]
			},
			"bone14": {
				"rotate": [
					{ "time": 0, "angle": 0, "curve": "stepped" },
					{ "time": 0.2333, "angle": 0, "curve": "stepped" },
					{ "time": 0.4666, "angle": 0 }
				],
				"translate": [
					{ "time": 0, "x": 0, "y": 0, "curve": "stepped" },
					{ "time": 0.2333, "x": 0, "y": 0, "curve": "stepped" },
					{ "time": 0.4666, "x": 0, "y": 0 }
				],
				"scale": [
					{ "time": 0, "x": 1, "y": 1, "curve": "stepped" },
					{ "time": 0.2333, "x": 1, "y": 1, "curve": "stepped" },
					{ "time": 0.4666, "x": 1, "y": 1 }
				]
			},
			"bone15": {
				"rotate": [
					{ "time": 0, "angle": 0, "curve": "stepped" },
					{ "time": 0.2333, "angle": 0, "curve": "stepped" },
					{ "time": 0.4666, "angle": 0 }
				],
				"translate": [
					{ "time": 0, "x": 0, "y": 0, "curve": "stepped" },
					{ "time": 0.2333, "x": 0, "y": 0, "curve": "stepped" },
					{ "time": 0.4666, "x": 0, "y": 0 }
				],
				"scale": [
					{ "time": 0, "x": 0.88, "y": 1 },
					{ "time": 0.2333, "x": 0.841, "y": 1 },
					{ "time": 0.4666, "x": 0.88, "y": 1 }
				]
			},
			"bone16": {
				"rotate": [
					{ "time": 0, "angle": 0, "curve": "stepped" },
					{ "time": 0.2333, "angle": 0, "curve": "stepped" },
					{ "time": 0.4666, "angle": 0 }
				],
				"translate": [
					{ "time": 0, "x": 0, "y": 0, "curve": "stepped" },
					{ "time": 0.2333, "x": 0, "y": 0, "curve": "stepped" },
					{ "time": 0.4666, "x": 0, "y": 0 }
				],
				"scale": [
					{ "time": 0, "x": 1.219, "y": 1 },
					{ "time": 0.2333, "x": 1, "y": 1 },
					{ "time": 0.4666, "x": 1.219, "y": 1 }
				]
			},
			"bone17": {
				"rotate": [
					{ "time": 0, "angle": -74.95, "curve": "stepped" },
					{ "time": 0.2333, "angle": -74.95, "curve": "stepped" },
					{ "time": 0.4666, "angle": -74.95 }
				],
				"translate": [
					{ "time": 0, "x": 0, "y": 0, "curve": "stepped" },
					{ "time": 0.2333, "x": 0, "y": 0, "curve": "stepped" },
					{ "time": 0.4666, "x": 0, "y": 0 }
				],
				"scale": [
					{ "time": 0, "x": 1, "y": 1, "curve": "stepped" },
					{ "time": 0.2333, "x": 1, "y": 1, "curve": "stepped" },
					{ "time": 0.4666, "x": 1, "y": 1 }
				]
			},
			"bone18": {
				"rotate": [
					{ "time": 0, "angle": 0, "curve": "stepped" },
					{ "time": 0.2333, "angle": 0, "curve": "stepped" },
					{ "time": 0.4666, "angle": 0 }
				],
				"translate": [
					{ "time": 0, "x": 0, "y": 0, "curve": "stepped" },
					{ "time": 0.2333, "x": 0, "y": 0, "curve": "stepped" },
					{ "time": 0.4666, "x": 0, "y": 0 }
				],
				"scale": [
					{ "time": 0, "x": 1, "y": 1, "curve": "stepped" },
					{ "time": 0.2333, "x": 1, "y": 1, "curve": "stepped" },
					{ "time": 0.4666, "x": 1, "y": 1 }
				]
			},
			"bone19": {
				"rotate": [
					{ "time": 0, "angle": 0, "curve": "stepped" },
					{ "time": 0.2333, "angle": 0, "curve": "stepped" },
					{ "time": 0.4666, "angle": 0 }
				],
				"translate": [
					{ "time": 0, "x": 0, "y": 0, "curve": "stepped" },
					{ "time": 0.2333, "x": 0, "y": 0, "curve": "stepped" },
					{ "time": 0.4666, "x": 0, "y": 0 }
				],
				"scale": [
					{ "time": 0, "x": 1, "y": 1, "curve": "stepped" },
					{ "time": 0.2333, "x": 1, "y": 1, "curve": "stepped" },
					{ "time": 0.4666, "x": 1, "y": 1 }
				]
			},
			"bone20": {
				"rotate": [
					{ "time": 0, "angle": 0, "curve": "stepped" },
					{ "time": 0.2333, "angle": 0, "curve": "stepped" },
					{ "time": 0.4666, "angle": 0 }
				],
				"translate": [
					{ "time": 0, "x": 0, "y": 0, "curve": "stepped" },
					{ "time": 0.2333, "x": 0, "y": 0, "curve": "stepped" },
					{ "time": 0.4666, "x": 0, "y": 0 }
				],
				"scale": [
					{ "time": 0, "x": 1, "y": 1, "curve": "stepped" },
					{ "time": 0.2333, "x": 1, "y": 1, "curve": "stepped" },
					{ "time": 0.4666, "x": 1, "y": 1 }
				]
			}
		},
		"deform": {
			"default": {
				"asset_79": {
					"asset_78": [
						{ "time": 0, "curve": "stepped" },
						{ "time": 0.2333, "curve": "stepped" },
						{ "time": 0.4666 }
					]
				},
				"asset_82": {
					"asset_81": [
						{ "time": 0, "curve": "stepped" },
						{ "time": 0.2333, "curve": "stepped" },
						{ "time": 0.4666 }
					]
				},
				"asset_83": {
					"asset_81": [
						{ "time": 0, "curve": "stepped" },
						{ "time": 0.2333, "curve": "stepped" },
						{ "time": 0.4666 }
					]
				},
				"asset_91": {
					"asset_90": [
						{
							"time": 0,
							"offset": 18,
							"vertices": [ 10.59622, -11.12966, 25.48986, -10.51524, -0.59028, 6.06709 ]
						},
						{
							"time": 0.2333,
							"offset": 10,
							"vertices": [ 4.26877, -1.996, 1.5599, -0.01678, 14.11782, 2.97839, 10.39573, 6.14859, 0, 0, 0, 0, -0.00426, -0.38998, -0.04613, -4.28974 ]
						},
						{
							"time": 0.4666,
							"offset": 18,
							"vertices": [ 10.59622, -11.12966, 25.48986, -10.51524, -0.59028, 6.06709 ]
						}
					]
				},
				"asset_93": {
					"Layer-50": [
						{
							"time": 0,
							"offset": 6,
							"vertices": [ 20.10823, -1.36611, 21.36924, 8.96928, 19.01411, 3.82008, 0, 0, 0, 0, 0, 0, 0, 0, 0, 0, 0, 0, 16.84442, 15.91718 ]
						},
						{
							"time": 0.2333,
							"offset": 2,
							"vertices": [ 9.72959, -4.12924, 18.34034, -5.37168, 13.82789, 2.726 ]
						},
						{
							"time": 0.4666,
							"offset": 6,
							"vertices": [ 20.10823, -1.36611, 21.36924, 8.96928, 19.01411, 3.82008, 0, 0, 0, 0, 0, 0, 0, 0, 0, 0, 0, 0, 16.84442, 15.91718 ]
						}
					]
				},
				"asset_94": {
					"asset_93": [
						{
							"time": 0,
							"offset": 12,
							"vertices": [ -1.5817, -7.74107, -1.05807, -7.75861, -21.5493, -16.75943, -15.71768, -17.00835, -28.5307, -1.35321, -23.8452, 9.25732, -17.8479, 8.97806, -20.79575, 13.91276, -15.63978, 13.66882, 0, 0, 0, 0, -2.44753, -4.27808, -1.74394, -4.30598 ]
						},
						{
							"time": 0.2333,
							"offset": 8,
							"vertices": [ -1.27888, 3.62196, -1.33564, 3.60139, -1.66768, 3.65262, -1.72486, 3.62595, 1.09211, 5.87929, 0.99961, 5.89573, 5.39193, 3.87776, 3.49913, -0.27618, 3.50302, -0.22118, -1.41233, -9.93561, -1.25607, -9.95657, 0, 0, 0, 0, 1.48356, 8.8809, 1.34382, 8.90305 ]
						},
						{
							"time": 0.4666,
							"offset": 12,
							"vertices": [ -1.5817, -7.74107, -1.05807, -7.75861, -21.5493, -16.75943, -15.71768, -17.00835, -28.5307, -1.35321, -23.8452, 9.25732, -17.8479, 8.97806, -20.79575, 13.91276, -15.63978, 13.66882, 0, 0, 0, 0, -2.44753, -4.27808, -1.74394, -4.30598 ]
						}
					]
				},
				"asset_95": {
					"asset_93": [
						{
							"time": 0,
							"offset": 6,
							"vertices": [ -2.80951, 4.54763, -2.23901, 4.59111, 0, 0, 0, 0, 0, 0, 0, 0, -8.62134, -2.09123, -9.53091, 0.36771, -7.79776, 0.5174, -11.31251, -0.63124, -9.25891, -0.45352, -0.44281, 1.2298, -0.34631, 1.23657 ]
						},
						{
							"time": 0.2333,
							"offset": 6,
							"vertices": [ -1.56261, -4.15959, -1.62775, -4.13448, -11.83937, -12.2289, -12.03002, -12.04125, -15.9012, -18.08845, -16.18343, -17.8363, -18.61539, -2.25616, -14.63385, 4.87286, -14.5555, 5.10236, -18.63269, 8.11183, -18.50298, 8.40367, 0, 0, 0, 0, -3.80603, -4.27793, -3.87277, -4.21757 ]
						},
						{
							"time": 0.4666,
							"offset": 6,
							"vertices": [ -2.80951, 4.54763, -2.23901, 4.59111, 0, 0, 0, 0, 0, 0, 0, 0, -8.62134, -2.09123, -9.53091, 0.36771, -7.79776, 0.5174, -11.31251, -0.63124, -9.25891, -0.45352, -0.44281, 1.2298, -0.34631, 1.23657 ]
						}
					]
				}
			}
		}
	},
	"throw": {
		"slots": {
			"asset_5": {
				"color": [
					{ "time": 0, "color": "ffffffff", "curve": "stepped" },
					{ "time": 0.5666, "color": "ffffffff" }
				],
				"attachment": [
					{ "time": 0, "name": "asset_07" },
					{ "time": 0.1, "name": "asset_05" },
					{ "time": 0.2, "name": "asset_05" },
					{ "time": 0.2666, "name": "asset_07" },
					{ "time": 0.3666, "name": null },
					{ "time": 0.4333, "name": null },
					{ "time": 0.5666, "name": "asset_07" }
				]
			},
			"asset_17": {
				"color": [
					{ "time": 0, "color": "ffffffff", "curve": "stepped" },
					{ "time": 0.5666, "color": "ffffffff" }
				],
				"attachment": [
					{ "time": 0, "name": "asset_16" },
					{ "time": 0.2666, "name": "asset_16" },
					{ "time": 0.3666, "name": null },
					{ "time": 0.4333, "name": null },
					{ "time": 0.5666, "name": "asset_16" }
				]
			},
			"asset_79": {
				"color": [
					{ "time": 0, "color": "ffffffff", "curve": "stepped" },
					{ "time": 0.5666, "color": "ffffffff" }
				],
				"attachment": [
					{ "time": 0, "name": "asset_78" },
					{ "time": 0.2666, "name": "asset_78" },
					{ "time": 0.5666, "name": "asset_78" }
				]
			},
			"asset_82": {
				"color": [
					{ "time": 0, "color": "ffffffff", "curve": "stepped" },
					{ "time": 0.5666, "color": "ffffffff" }
				],
				"attachment": [
					{ "time": 0, "name": "asset_81" },
					{ "time": 0.2666, "name": "asset_81" },
					{ "time": 0.5666, "name": "asset_81" }
				]
			},
			"asset_83": {
				"color": [
					{ "time": 0, "color": "ffffffff", "curve": "stepped" },
					{ "time": 0.5666, "color": "ffffffff" }
				],
				"attachment": [
					{ "time": 0, "name": "asset_81" },
					{ "time": 0.2666, "name": "asset_81" },
					{ "time": 0.5666, "name": "asset_81" }
				]
			},
			"asset_91": {
				"color": [
					{ "time": 0, "color": "ffffffff", "curve": "stepped" },
					{ "time": 0.5666, "color": "ffffffff" }
				],
				"attachment": [
					{ "time": 0, "name": "asset_90" },
					{ "time": 0.2666, "name": "asset_90" },
					{ "time": 0.5666, "name": "asset_90" }
				]
			},
			"asset_93": {
				"color": [
					{ "time": 0, "color": "ffffffff", "curve": "stepped" },
					{ "time": 0.5666, "color": "ffffffff" }
				],
				"attachment": [
					{ "time": 0, "name": "Layer-50" },
					{ "time": 0.2666, "name": "Layer-50" },
					{ "time": 0.5666, "name": "Layer-50" }
				]
			},
			"asset_94": {
				"color": [
					{ "time": 0, "color": "ffffffff", "curve": "stepped" },
					{ "time": 0.5666, "color": "ffffffff" }
				],
				"attachment": [
					{ "time": 0, "name": "asset_93" },
					{ "time": 0.2666, "name": "asset_93" },
					{ "time": 0.5666, "name": "asset_93" }
				]
			},
			"asset_95": {
				"color": [
					{ "time": 0, "color": "ffffffff", "curve": "stepped" },
					{ "time": 0.4, "color": "ffffffff", "curve": "stepped" },
					{ "time": 0.5666, "color": "ffffffff" }
				],
				"attachment": [
					{ "time": 0, "name": "asset_93" },
					{ "time": 0.2666, "name": "asset_93" },
					{ "time": 0.4, "name": "asset_93" },
					{ "time": 0.5666, "name": "asset_93" }
				]
			}
		},
		"bones": {
			"root": {
				"rotate": [
					{ "time": 0, "angle": 0, "curve": "stepped" },
					{ "time": 0.2666, "angle": 0, "curve": "stepped" },
					{ "time": 0.5666, "angle": 0 }
				],
				"translate": [
					{ "time": 0, "x": 0, "y": 0, "curve": "stepped" },
					{ "time": 0.2666, "x": 0, "y": 0, "curve": "stepped" },
					{ "time": 0.5666, "x": 0, "y": 0 }
				],
				"scale": [
					{ "time": 0, "x": 1, "y": 1, "curve": "stepped" },
					{ "time": 0.2666, "x": 1, "y": 1, "curve": "stepped" },
					{ "time": 0.5666, "x": 1, "y": 1 }
				]
			},
			"bone": {
				"rotate": [
					{ "time": 0, "angle": 0, "curve": "stepped" },
					{ "time": 0.2666, "angle": 0, "curve": "stepped" },
					{ "time": 0.5666, "angle": 0 }
				],
				"translate": [
					{ "time": 0, "x": 0, "y": 0, "curve": "stepped" },
					{ "time": 0.2666, "x": 0, "y": 0, "curve": "stepped" },
					{ "time": 0.5666, "x": 0, "y": 0 }
				],
				"scale": [
					{ "time": 0, "x": 1, "y": 1, "curve": "stepped" },
					{ "time": 0.2666, "x": 1, "y": 1, "curve": "stepped" },
					{ "time": 0.5666, "x": 1, "y": 1 }
				]
			},
			"bone2": {
				"rotate": [
					{ "time": 0, "angle": 0 },
					{ "time": 0.2666, "angle": -23.99 },
					{ "time": 0.5666, "angle": 0 }
				],
				"translate": [
					{ "time": 0, "x": 0, "y": 0, "curve": "stepped" },
					{ "time": 0.2666, "x": 0, "y": 0, "curve": "stepped" },
					{ "time": 0.5666, "x": 0, "y": 0 }
				],
				"scale": [
					{ "time": 0, "x": 1, "y": 1, "curve": "stepped" },
					{ "time": 0.2666, "x": 1, "y": 1, "curve": "stepped" },
					{ "time": 0.5666, "x": 1, "y": 1 }
				]
			},
			"bone3": {
				"rotate": [
					{ "time": 0, "angle": 0 },
					{ "time": 0.2666, "angle": 6.37 },
					{ "time": 0.5666, "angle": 0 }
				],
				"translate": [
					{ "time": 0, "x": 0, "y": 0, "curve": "stepped" },
					{ "time": 0.2666, "x": 0, "y": 0, "curve": "stepped" },
					{ "time": 0.5666, "x": 0, "y": 0 }
				],
				"scale": [
					{ "time": 0, "x": 1, "y": 1, "curve": "stepped" },
					{ "time": 0.2666, "x": 1, "y": 1, "curve": "stepped" },
					{ "time": 0.5666, "x": 1, "y": 1 }
				]
			},
			"bone4": {
				"rotate": [
					{ "time": 0, "angle": -57.12, "curve": "stepped" },
					{ "time": 0.2666, "angle": -57.12 },
					{ "time": 0.4333, "angle": 50.11 },
					{ "time": 0.5666, "angle": -57.12 }
				],
				"translate": [
					{ "time": 0, "x": 0, "y": 0, "curve": "stepped" },
					{ "time": 0.2666, "x": 0, "y": 0, "curve": "stepped" },
					{ "time": 0.5666, "x": 0, "y": 0 }
				],
				"scale": [
					{ "time": 0, "x": 1, "y": 1 },
					{ "time": 0.2666, "x": 1.088, "y": 1.088 },
					{ "time": 0.5666, "x": 1, "y": 1 }
				]
			},
			"bone5": {
				"rotate": [
					{ "time": 0, "angle": 0, "curve": "stepped" },
					{ "time": 0.2666, "angle": 0, "curve": "stepped" },
					{ "time": 0.5666, "angle": 0 }
				],
				"translate": [
					{ "time": 0, "x": 0, "y": 0, "curve": "stepped" },
					{ "time": 0.2666, "x": 0, "y": 0, "curve": "stepped" },
					{ "time": 0.5666, "x": 0, "y": 0 }
				],
				"scale": [
					{ "time": 0, "x": 1, "y": 1 },
					{ "time": 0.2666, "x": 0.997, "y": 0.997 },
					{ "time": 0.5666, "x": 1, "y": 1 }
				]
			},
			"bone6": {
				"rotate": [
					{ "time": 0, "angle": 0, "curve": "stepped" },
					{ "time": 0.2666, "angle": 0, "curve": "stepped" },
					{ "time": 0.5666, "angle": 0 }
				],
				"translate": [
					{ "time": 0, "x": 0, "y": 0, "curve": "stepped" },
					{ "time": 0.2666, "x": 0, "y": 0, "curve": "stepped" },
					{ "time": 0.5666, "x": 0, "y": 0 }
				],
				"scale": [
					{ "time": 0, "x": 1, "y": 1, "curve": "stepped" },
					{ "time": 0.2666, "x": 1, "y": 1, "curve": "stepped" },
					{ "time": 0.5666, "x": 1, "y": 1 }
				]
			},
			"bone7": {
				"rotate": [
					{ "time": 0, "angle": 0, "curve": "stepped" },
					{ "time": 0.2666, "angle": 0, "curve": "stepped" },
					{ "time": 0.5666, "angle": 0 }
				],
				"translate": [
					{ "time": 0, "x": 0, "y": 0, "curve": "stepped" },
					{ "time": 0.2666, "x": 0, "y": 0, "curve": "stepped" },
					{ "time": 0.5666, "x": 0, "y": 0 }
				],
				"scale": [
					{ "time": 0, "x": 1, "y": 1, "curve": "stepped" },
					{ "time": 0.2666, "x": 1, "y": 1, "curve": "stepped" },
					{ "time": 0.5666, "x": 1, "y": 1 }
				]
			},
			"bone8": {
				"rotate": [
					{ "time": 0, "angle": 0, "curve": "stepped" },
					{ "time": 0.2666, "angle": 0, "curve": "stepped" },
					{ "time": 0.5666, "angle": 0 }
				],
				"translate": [
					{ "time": 0, "x": 0, "y": 0, "curve": "stepped" },
					{ "time": 0.2666, "x": 0, "y": 0, "curve": "stepped" },
					{ "time": 0.5666, "x": 0, "y": 0 }
				],
				"scale": [
					{ "time": 0, "x": 1, "y": 1, "curve": "stepped" },
					{ "time": 0.2666, "x": 1, "y": 1, "curve": "stepped" },
					{ "time": 0.5666, "x": 1, "y": 1 }
				]
			},
			"bone9": {
				"rotate": [
					{ "time": 0, "angle": 0 },
					{ "time": 0.2666, "angle": -21.34 },
					{ "time": 0.4666, "angle": 25.4 },
					{ "time": 0.5666, "angle": 0 }
				],
				"translate": [
					{ "time": 0, "x": 0, "y": 0, "curve": "stepped" },
					{ "time": 0.2666, "x": 0, "y": 0, "curve": "stepped" },
					{ "time": 0.5666, "x": 0, "y": 0 }
				],
				"scale": [
					{ "time": 0, "x": 1, "y": 1, "curve": "stepped" },
					{ "time": 0.2666, "x": 1, "y": 1, "curve": "stepped" },
					{ "time": 0.5666, "x": 1, "y": 1 }
				]
			},
			"bone10": {
				"rotate": [
					{ "time": 0, "angle": 0, "curve": "stepped" },
					{ "time": 0.2666, "angle": 0, "curve": "stepped" },
					{ "time": 0.5666, "angle": 0 }
				],
				"translate": [
					{ "time": 0, "x": 0, "y": 0, "curve": "stepped" },
					{ "time": 0.2666, "x": 0, "y": 0, "curve": "stepped" },
					{ "time": 0.5666, "x": 0, "y": 0 }
				],
				"scale": [
					{ "time": 0, "x": 1, "y": 1, "curve": "stepped" },
					{ "time": 0.2666, "x": 1, "y": 1, "curve": "stepped" },
					{ "time": 0.5666, "x": 1, "y": 1 }
				]
			},
			"bone11": {
				"rotate": [
					{ "time": 0, "angle": 0 },
					{ "time": 0.2666, "angle": -21.34 },
					{ "time": 0.4666, "angle": 25.4 },
					{ "time": 0.5666, "angle": 0 }
				],
				"translate": [
					{ "time": 0, "x": 0, "y": 0, "curve": "stepped" },
					{ "time": 0.2666, "x": 0, "y": 0, "curve": "stepped" },
					{ "time": 0.5666, "x": 0, "y": 0 }
				],
				"scale": [
					{ "time": 0, "x": 1, "y": 1, "curve": "stepped" },
					{ "time": 0.2666, "x": 1, "y": 1, "curve": "stepped" },
					{ "time": 0.5666, "x": 1, "y": 1 }
				]
			},
			"bone12": {
				"rotate": [
					{ "time": 0, "angle": 0, "curve": "stepped" },
					{ "time": 0.2666, "angle": 0, "curve": "stepped" },
					{ "time": 0.5666, "angle": 0 }
				],
				"translate": [
					{ "time": 0, "x": 0, "y": 0, "curve": "stepped" },
					{ "time": 0.2666, "x": 0, "y": 0, "curve": "stepped" },
					{ "time": 0.5666, "x": 0, "y": 0 }
				],
				"scale": [
					{ "time": 0, "x": 1, "y": 1, "curve": "stepped" },
					{ "time": 0.2666, "x": 1, "y": 1, "curve": "stepped" },
					{ "time": 0.5666, "x": 1, "y": 1 }
				]
			},
			"bone13": {
				"rotate": [
					{ "time": 0, "angle": 0 },
					{ "time": 0.2666, "angle": -21.34 },
					{ "time": 0.4666, "angle": 25.4 },
					{ "time": 0.5666, "angle": 0 }
				],
				"translate": [
					{ "time": 0, "x": 0, "y": 0, "curve": "stepped" },
					{ "time": 0.2666, "x": 0, "y": 0, "curve": "stepped" },
					{ "time": 0.5666, "x": 0, "y": 0 }
				],
				"scale": [
					{ "time": 0, "x": 1, "y": 1, "curve": "stepped" },
					{ "time": 0.2666, "x": 1, "y": 1, "curve": "stepped" },
					{ "time": 0.5666, "x": 1, "y": 1 }
				]
			},
			"bone14": {
				"rotate": [
					{ "time": 0, "angle": 0, "curve": "stepped" },
					{ "time": 0.2666, "angle": 0, "curve": "stepped" },
					{ "time": 0.5666, "angle": 0 }
				],
				"translate": [
					{ "time": 0, "x": 0, "y": 0, "curve": "stepped" },
					{ "time": 0.2666, "x": 0, "y": 0, "curve": "stepped" },
					{ "time": 0.5666, "x": 0, "y": 0 }
				],
				"scale": [
					{ "time": 0, "x": 1, "y": 1, "curve": "stepped" },
					{ "time": 0.2666, "x": 1, "y": 1, "curve": "stepped" },
					{ "time": 0.5666, "x": 1, "y": 1 }
				]
			},
			"bone15": {
				"rotate": [
					{ "time": 0, "angle": 0, "curve": "stepped" },
					{ "time": 0.2666, "angle": 0, "curve": "stepped" },
					{ "time": 0.4, "angle": 0, "curve": "stepped" },
					{ "time": 0.5666, "angle": 0 }
				],
				"translate": [
					{ "time": 0, "x": 0, "y": 0 },
					{ "time": 0.2666, "x": 5.41, "y": -3.46 },
					{ "time": 0.4, "x": 0, "y": 0, "curve": "stepped" },
					{ "time": 0.5666, "x": 0, "y": 0 }
				],
				"scale": [
					{ "time": 0, "x": 1, "y": 1 },
					{ "time": 0.2666, "x": 0.772, "y": 0.899 },
					{ "time": 0.4, "x": 1, "y": 1, "curve": "stepped" },
					{ "time": 0.5666, "x": 1, "y": 1 }
				]
			},
			"bone16": {
				"rotate": [
					{ "time": 0, "angle": 0, "curve": "stepped" },
					{ "time": 0.2666, "angle": 0, "curve": "stepped" },
					{ "time": 0.4, "angle": 0, "curve": "stepped" },
					{ "time": 0.5666, "angle": 0 }
				],
				"translate": [
					{ "time": 0, "x": 0, "y": 0, "curve": "stepped" },
					{ "time": 0.2666, "x": 0, "y": 0, "curve": "stepped" },
					{ "time": 0.4, "x": 0, "y": 0, "curve": "stepped" },
					{ "time": 0.5666, "x": 0, "y": 0 }
				],
				"scale": [
					{ "time": 0, "x": 1, "y": 1, "curve": "stepped" },
					{ "time": 0.2666, "x": 1, "y": 1, "curve": "stepped" },
					{ "time": 0.4, "x": 1, "y": 1, "curve": "stepped" },
					{ "time": 0.5666, "x": 1, "y": 1 }
				]
			},
			"bone17": {
				"rotate": [
					{ "time": 0, "angle": -74.95, "curve": "stepped" },
					{ "time": 0.2666, "angle": -74.95 },
					{ "time": 0.4333, "angle": 35.77 },
					{ "time": 0.5666, "angle": -74.95 }
				],
				"translate": [
					{ "time": 0, "x": 0, "y": 0, "curve": "stepped" },
					{ "time": 0.2666, "x": 0, "y": 0, "curve": "stepped" },
					{ "time": 0.5666, "x": 0, "y": 0 }
				],
				"scale": [
					{ "time": 0, "x": 1, "y": 1, "curve": "stepped" },
					{ "time": 0.2666, "x": 1, "y": 1, "curve": "stepped" },
					{ "time": 0.5666, "x": 1, "y": 1 }
				]
			},
			"bone18": {
				"rotate": [
					{ "time": 0, "angle": 0, "curve": "stepped" },
					{ "time": 0.2666, "angle": 0, "curve": "stepped" },
					{ "time": 0.5666, "angle": 0 }
				],
				"translate": [
					{ "time": 0, "x": 0, "y": 0, "curve": "stepped" },
					{ "time": 0.2666, "x": 0, "y": 0, "curve": "stepped" },
					{ "time": 0.5666, "x": 0, "y": 0 }
				],
				"scale": [
					{ "time": 0, "x": 1, "y": 1, "curve": "stepped" },
					{ "time": 0.2666, "x": 1, "y": 1, "curve": "stepped" },
					{ "time": 0.5666, "x": 1, "y": 1 }
				]
			},
			"bone19": {
				"rotate": [
					{ "time": 0, "angle": 0, "curve": "stepped" },
					{ "time": 0.2666, "angle": 0, "curve": "stepped" },
					{ "time": 0.5666, "angle": 0 }
				],
				"translate": [
					{ "time": 0, "x": 0, "y": 0, "curve": "stepped" },
					{ "time": 0.2666, "x": 0, "y": 0, "curve": "stepped" },
					{ "time": 0.5666, "x": 0, "y": 0 }
				],
				"scale": [
					{ "time": 0, "x": 1, "y": 1, "curve": "stepped" },
					{ "time": 0.2666, "x": 1, "y": 1, "curve": "stepped" },
					{ "time": 0.5666, "x": 1, "y": 1 }
				]
			},
			"bone20": {
				"rotate": [
					{ "time": 0, "angle": 0, "curve": "stepped" },
					{ "time": 0.2666, "angle": 0, "curve": "stepped" },
					{ "time": 0.5666, "angle": 0 }
				],
				"translate": [
					{ "time": 0, "x": 0, "y": 0, "curve": "stepped" },
					{ "time": 0.2666, "x": 0, "y": 0, "curve": "stepped" },
					{ "time": 0.5666, "x": 0, "y": 0 }
				],
				"scale": [
					{ "time": 0, "x": 1, "y": 1, "curve": "stepped" },
					{ "time": 0.2666, "x": 1, "y": 1, "curve": "stepped" },
					{ "time": 0.5666, "x": 1, "y": 1 }
				]
			}
		},
		"deform": {
			"default": {
				"asset_79": {
					"asset_78": [
						{ "time": 0, "curve": "stepped" },
						{ "time": 0.2666, "curve": "stepped" },
						{ "time": 0.5666 }
					]
				},
				"asset_82": {
					"asset_81": [
						{ "time": 0, "curve": "stepped" },
						{ "time": 0.2666, "curve": "stepped" },
						{ "time": 0.5666 }
					]
				},
				"asset_83": {
					"asset_81": [
						{ "time": 0, "curve": "stepped" },
						{ "time": 0.2666, "curve": "stepped" },
						{ "time": 0.5666 }
					]
				},
				"asset_91": {
					"asset_90": [
						{ "time": 0, "curve": "stepped" },
						{ "time": 0.2666, "curve": "stepped" },
						{ "time": 0.5666 }
					]
				},
				"asset_93": {
					"Layer-50": [
						{ "time": 0, "curve": "stepped" },
						{ "time": 0.5666 }
					]
				},
				"asset_94": {
					"asset_93": [
						{ "time": 0, "curve": "stepped" },
						{ "time": 0.2666, "curve": "stepped" },
						{ "time": 0.5666 }
					]
				},
				"asset_95": {
					"asset_93": [
						{ "time": 0 },
						{
							"time": 0.2666,
							"offset": 14,
							"vertices": [ -1.03862, -9.93592, -1.1946, -9.91836, -9.47911, -4.16218, -5.28587, -0.28685, -5.28971, -0.20375, -14.26254, 1.50591, -14.23712, 1.72981 ]
						},
						{ "time": 0.4, "curve": "stepped" },
						{ "time": 0.5666 }
					]
				}
			}
		}
	}
}
}